time_ms,raw,u_manual_mv,u_cali_mv,error_pct
273,4095,3100,3154,-1.71
1283,4095,3100,3154,-1.71
2283,4095,3100,3154,-1.71
3283,4095,3100,3154,-1.71
4283,4095,3100,3154,-1.71
5283,4095,3100,3154,-1.71
6283,4095,3100,3154,-1.71
7283,4095,3100,3154,-1.71
8283,4095,3100,3154,-1.71
9283,4095,3100,3154,-1.71
10283,4095,3100,3154,-1.71
11283,4095,3100,3154,-1.71
12283,4095,3100,3154,-1.71
13283,4095,3100,3154,-1.71
14283,4095,3100,3154,-1.71
15283,4011,3036,3121,-2.72
16283,3879,2936,3066,-4.24
17283,3743,2833,2997,-5.47
18283,3635,2751,2929,-6.08
19283,3608,2731,2919,-6.44
20283,3484,2637,2841,-7.18
21283,3429,2595,2810,-7.65
22283,3324,2516,2736,-8.04
23283,3209,2429,2658,-8.62
24283,3174,2402,2633,-8.77
25283,3027,2291,2521,-9.12
26283,2909,2202,2435,-9.57
27283,2797,2117,2343,-9.65
28283,2739,2073,2290,-9.48
29283,2648,2004,2226,-9.97
30283,2527,1912,2139,-10.61
31283,2429,1838,2050,-10.34
32283,2335,1767,1969,-10.26
33283,2219,1679,1883,-10.83
34283,2150,1627,1811,-10.16
35283,2032,1538,1716,-10.37
36283,1943,1470,1641,-10.42
37283,1768,1338,1499,-10.74
38283,1646,1246,1396,-10.74
39283,1513,1145,1281,-10.62
40283,1379,1043,1169,-10.78
41283,1273,963,1082,-11.00
42283,1174,888,1000,-11.20
43283,1110,840,948,-11.39
44283,1047,792,894,-11.41
45283,959,725,833,-12.97
46283,764,578,675,-14.37
47283,668,505,579,-12.78
48283,531,401,465,-13.76
49283,429,324,380,-14.74
50283,261,197,224,-12.05
51283,94,71,94,-24.47
52283,11,8,15,-46.67
53283,0,0,0,0
